<?xml version="1.0" encoding="UTF-8" ?>
<jsonDataAdapter class="net.sf.jasperreports.data.json.JsonDataAdapterImpl"><name>QualityFactors_DA</name><dataFile xmlns:xsi="http://www.w3.org/2001/XMLSchema-instance" xsi:type="httpDataLocation"><method>GET</method><url>http://localhost:8080/api/qualityFactors/metrics/current</url><username></username><password></password><urlParameter><name>prj</name><value>demo</value></urlParameter></dataFile><language>json</language><useConnection>true</useConnection><timeZone xmlns:xsi="http://www.w3.org/2001/XMLSchema-instance" xmlns:java="http://java.sun.com" xsi:type="java:java.lang.String">Europe/Paris</timeZone><locale xmlns:xsi="http://www.w3.org/2001/XMLSchema-instance" xmlns:java="http://java.sun.com" xsi:type="java:java.lang.String">es_ES</locale><selectExpression></selectExpression></jsonDataAdapter>